OBJECTID,ZIP_CODE,AdminOffice
1,90001,AA
2,90002,AA
3,90003,AA
4,90040,AA
5,90044,AA
6,90045,AA
7,90047,AA
8,90059,AA
9,90061,AA
10,90094,AA
11,90201,AA
12,90220,AA
13,90221,AA
14,90222,AA
15,90240,AA
16,90241,AA
17,90242,AA
18,90245,AA
19,90247,AA
20,90248,AA
21,90249,AA
22,90250,AA
23,90254,AA
24,90255,AA
25,90260,AA
26,90262,AA
27,90266,AA
28,90270,AA
29,90274,AA
30,90275,AA
31,90277,AA
32,90278,AA
33,90280,AA
34,90293,AA
35,90301,AA
36,90302,AA
37,90303,AA
38,90304,AA
39,90305,AA
40,90501,AA
41,90502,AA
42,90503,AA
43,90504,AA
44,90505,AA
45,90506,AA
46,90620,AA
47,90621,AA
48,90623,AA
49,90630,AA
50,90638,AA
51,90639,AA
52,90650,AA
53,90670,AA
54,90701,AA
55,90703,AA
56,90704,AA
57,90706,AA
58,90710,AA
59,90712,AA
60,90713,AA
61,90715,AA
62,90716,AA
63,90717,AA
64,90720,AA
65,90723,AA
66,90731,AA
67,90732,AA
68,90740,AA
69,90744,AA
70,90745,AA
71,90746,AA
72,90747,AA
73,90755,AA
74,90802,AA
75,90803,AA
76,90804,AA
77,90805,AA
78,90806,AA
79,90807,AA
80,90808,AA
81,90810,AA
82,90813,AA
83,90814,AA
84,90815,AA
85,90822,AA
86,90840,AA
87,92831,AA
88,92832,AA
89,92833,AA
90,92835,AA
91,90004,AC
92,90005,AC
93,90006,AC
94,90007,AC
95,90008,AC
96,90011,AC
97,90012,AC
98,90013,AC
99,90014,AC
100,90015,AC
101,90016,AC
102,90017,AC
103,90018,AC
104,90019,AC
105,90020,AC
106,90021,AC
107,90023,AC
108,90024,AC
109,90025,AC
110,90026,AC
111,90027,AC
112,90028,AC
113,90029,AC
114,90031,AC
115,90032,AC
116,90033,AC
117,90034,AC
118,90035,AC
119,90036,AC
120,90037,AC
121,90038,AC
122,90039,AC
123,90041,AC
124,90042,AC
125,90043,AC
126,90046,AC
127,90048,AC
128,90049,AC
129,90056,AC
130,90057,AC
131,90058,AC
132,90062,AC
133,90063,AC
134,90064,AC
135,90065,AC
136,90066,AC
137,90067,AC
138,90068,AC
139,90069,AC
140,90071,AC
141,90073,AC
142,90077,AC
143,90089,AC
144,90095,AC
145,90210,AC
146,90211,AC
147,90212,AC
148,90230,AC
149,90232,AC
150,90272,AC
151,90291,AC
152,90292,AC
153,90401,AC
154,90402,AC
155,90403,AC
156,90404,AC
157,90405,AC
158,91001,AC
159,91011,AC
160,91020,AC
161,91030,AC
162,91040,AC
163,91042,AC
164,91101,AC
165,91103,AC
166,91104,AC
167,91105,AC
168,91106,AC
169,91107,AC
170,91108,AC
171,91123,AC
172,91201,AC
173,91202,AC
174,91203,AC
175,91204,AC
176,91205,AC
177,91206,AC
178,91207,AC
179,91208,AC
180,91210,AC
181,91214,AC
182,91303,AC
183,91304,AC
184,91306,AC
185,91307,AC
186,91311,AC
187,91316,AC
188,91321,AC
189,91324,AC
190,91325,AC
191,91326,AC
192,91330,AC
193,91331,AC
194,91335,AC
195,91340,AC
196,91342,AC
197,91343,AC
198,91344,AC
199,91345,AC
200,91350,AC
201,91351,AC
202,91352,AC
203,91354,AC
204,91355,AC
205,91356,AC
206,91364,AC
207,91367,AC
208,91371,AC
209,91381,AC
210,91384,AC
211,91387,AC
212,91390,AC
213,91401,AC
214,91402,AC
215,91403,AC
216,91405,AC
217,91406,AC
218,91411,AC
219,91423,AC
220,91436,AC
221,91501,AC
222,91502,AC
223,91504,AC
224,91505,AC
225,91506,AC
226,91521,AC
227,91522,AC
228,91523,AC
229,91601,AC
230,91602,AC
231,91604,AC
232,91605,AC
233,91606,AC
234,91607,AC
235,91608,AC
236,93510,AC
237,93532,AC
238,93534,AC
239,93535,AC
240,93536,AC
241,93543,AC
242,93544,AC
243,93550,AC
244,93551,AC
245,93552,AC
246,93553,AC
247,93591,AC
248,90022,AP
249,90601,AP
250,90602,AP
251,90603,AP
252,90604,AP
253,90605,AP
254,90606,AP
255,90631,AP
256,90640,AP
257,90660,AP
258,91006,AP
259,91007,AP
260,91008,AP
261,91010,AP
262,91016,AP
263,91024,AP
264,91701,AP
265,91702,AP
266,91706,AP
267,91708,AP
268,91709,AP
269,91710,AP
270,91711,AP
271,91722,AP
272,91723,AP
273,91724,AP
274,91730,AP
275,91731,AP
276,91732,AP
277,91733,AP
278,91737,AP
279,91740,AP
280,91741,AP
281,91744,AP
282,91745,AP
283,91746,AP
284,91748,AP
285,91750,AP
286,91754,AP
287,91755,AP
288,91761,AP
289,91762,AP
290,91763,AP
291,91764,AP
292,91765,AP
293,91766,AP
294,91767,AP
295,91768,AP
296,91770,AP
297,91773,AP
298,91775,AP
299,91776,AP
300,91780,AP
301,91784,AP
302,91786,AP
303,91789,AP
304,91790,AP
305,91791,AP
306,91792,AP
307,91801,AP
308,91803,AP
309,92821,AP
310,92823,AP
311,93563,AP
312,00018,AR
313,00032,AR
314,00057,AR
315,90263,AR
316,90265,AR
317,90290,AR
318,91301,AR
319,91302,AR
320,91320,AR
321,91360,AR
322,91361,AR
323,91362,AR
324,91377,AR
325,93001,AR
326,93003,AR
327,93004,AR
328,93010,AR
329,93012,AR
330,93013,AR
331,93015,AR
332,93021,AR
333,93022,AR
334,93023,AR
335,93030,AR
336,93033,AR
337,93035,AR
338,93036,AR
339,93040,AR
340,93041,AR
341,93042,AR
342,93043,AR
343,93060,AR
344,93063,AR
345,93065,AR
346,93066,AR
347,93067,AR
348,93101,AR
349,93103,AR
350,93105,AR
351,93106,AR
352,93108,AR
353,93109,AR
354,93110,AR
355,93111,AR
356,93117,AR
357,93401,AR
358,93402,AR
359,93405,AR
360,93407,AR
361,93408,AR
362,93410,AR
363,93420,AR
364,93421,AR
365,93424,AR
366,93427,AR
367,93429,AR
368,93433,AR
369,93434,AR
370,93436,AR
371,93437,AR
372,93440,AR
373,93441,AR
374,93444,AR
375,93445,AR
376,93449,AR
377,93454,AR
378,93455,AR
379,93458,AR
380,93460,AR
381,93463,AR
382,94002,BH
383,94005,BH
384,94010,BH
385,94014,BH
386,94015,BH
387,94018,BH
388,94019,BH
389,94020,BH
390,94021,BH
391,94030,BH
392,94037,BH
393,94038,BH
394,94044,BH
395,94060,BH
396,94061,BH
397,94062,BH
398,94063,BH
399,94065,BH
400,94066,BH
401,94070,BH
402,94074,BH
403,94080,BH
404,94102,BH
405,94103,BH
406,94104,BH
407,94105,BH
408,94107,BH
409,94108,BH
410,94109,BH
411,94110,BH
412,94111,BH
413,94112,BH
414,94114,BH
415,94115,BH
416,94116,BH
417,94117,BH
418,94118,BH
419,94121,BH
420,94122,BH
421,94123,BH
422,94124,BH
423,94127,BH
424,94128,BH
425,94129,BH
426,94130,BH
427,94131,BH
428,94132,BH
429,94133,BH
430,94134,BH
431,94143,BH
432,94158,BH
433,94401,BH
434,94402,BH
435,94403,BH
436,94404,BH
437,94920,BH
438,94925,BH
439,94939,BH
440,94941,BH
441,94964,BH
442,94965,BH
443,94501,CH
444,94502,CH
445,94505,CH
446,94506,CH
447,94507,CH
448,94509,CH
449,94511,CH
450,94513,CH
451,94514,CH
452,94517,CH
453,94518,CH
454,94519,CH
455,94520,CH
456,94521,CH
457,94523,CH
458,94525,CH
459,94526,CH
460,94528,CH
461,94530,CH
462,94531,CH
463,94536,CH
464,94538,CH
465,94539,CH
466,94541,CH
467,94542,CH
468,94544,CH
469,94545,CH
470,94546,CH
471,94547,CH
472,94548,CH
473,94549,CH
474,94550,CH
475,94551,CH
476,94552,CH
477,94553,CH
478,94555,CH
479,94556,CH
480,94560,CH
481,94561,CH
482,94563,CH
483,94564,CH
484,94565,CH
485,94566,CH
486,94568,CH
487,94569,CH
488,94572,CH
489,94577,CH
490,94578,CH
491,94579,CH
492,94580,CH
493,94582,CH
494,94583,CH
495,94586,CH
496,94587,CH
497,94588,CH
498,94595,CH
499,94596,CH
500,94597,CH
501,94598,CH
502,94601,CH
503,94602,CH
504,94603,CH
505,94605,CH
506,94606,CH
507,94607,CH
508,94608,CH
509,94609,CH
510,94610,CH
511,94611,CH
512,94612,CH
513,94613,CH
514,94618,CH
515,94619,CH
516,94621,CH
517,94702,CH
518,94703,CH
519,94704,CH
520,94705,CH
521,94706,CH
522,94707,CH
523,94708,CH
524,94709,CH
525,94710,CH
526,94720,CH
527,94801,CH
528,94803,CH
529,94804,CH
530,94805,CH
531,94806,CH
532,00017,DF
533,00020,DF
534,00026,DF
535,00040,DF
536,00058,DF
537,93201,DF
538,93202,DF
539,93204,DF
540,93207,DF
541,93208,DF
542,93210,DF
543,93212,DF
544,93218,DF
545,93219,DF
546,93221,DF
547,93223,DF
548,93230,DF
549,93234,DF
550,93235,DF
551,93239,DF
552,93242,DF
553,93244,DF
554,93245,DF
555,93246,DF
556,93247,DF
557,93256,DF
558,93257,DF
559,93260,DF
560,93262,DF
561,93265,DF
562,93266,DF
563,93267,DF
564,93270,DF
565,93271,DF
566,93272,DF
567,93274,DF
568,93277,DF
569,93286,DF
570,93291,DF
571,93292,DF
572,93601,DF
573,93602,DF
574,93603,DF
575,93604,DF
576,93606,DF
577,93608,DF
578,93609,DF
579,93610,DF
580,93611,DF
581,93612,DF
582,93614,DF
583,93615,DF
584,93616,DF
585,93618,DF
586,93619,DF
587,93620,DF
588,93621,DF
589,93622,DF
590,93623,DF
591,93624,DF
592,93625,DF
593,93626,DF
594,93627,DF
595,93628,DF
596,93630,DF
597,93631,DF
598,93633,DF
599,93634,DF
600,93635,DF
601,93636,DF
602,93637,DF
603,93638,DF
604,93640,DF
605,93641,DF
606,93643,DF
607,93644,DF
608,93645,DF
609,93646,DF
610,93647,DF
611,93648,DF
612,93650,DF
613,93651,DF
614,93652,DF
615,93653,DF
616,93654,DF
617,93656,DF
618,93657,DF
619,93660,DF
620,93662,DF
621,93664,DF
622,93666,DF
623,93667,DF
624,93668,DF
625,93669,DF
626,93673,DF
627,93675,DF
628,93701,DF
629,93702,DF
630,93703,DF
631,93704,DF
632,93705,DF
633,93706,DF
634,93710,DF
635,93711,DF
636,93720,DF
637,93721,DF
638,93722,DF
639,93723,DF
640,93725,DF
641,93726,DF
642,93727,DF
643,93728,DF
644,93730,DF
645,93737,DF
646,93741,DF
647,95301,DF
648,95303,DF
649,95305,DF
650,95306,DF
651,95310,DF
652,95311,DF
653,95312,DF
654,95315,DF
655,95317,DF
656,95318,DF
657,95321,DF
658,95322,DF
659,95324,DF
660,95327,DF
661,95329,DF
662,95333,DF
663,95334,DF
664,95335,DF
665,95338,DF
666,95340,DF
667,95341,DF
668,95345,DF
669,95346,DF
670,95348,DF
671,95365,DF
672,95369,DF
673,95370,DF
674,95372,DF
675,95374,DF
676,95379,DF
677,95383,DF
678,95388,DF
679,95389,DF
680,00016,DFB
681,92328,DFB
682,92347,DFB
683,92384,DFB
684,92389,DFB
685,93203,DFB
686,93205,DFB
687,93206,DFB
688,93215,DFB
689,93222,DFB
690,93224,DFB
691,93225,DFB
692,93226,DFB
693,93238,DFB
694,93240,DFB
695,93241,DFB
696,93243,DFB
697,93249,DFB
698,93250,DFB
699,93251,DFB
700,93252,DFB
701,93254,DFB
702,93255,DFB
703,93263,DFB
704,93268,DFB
705,93276,DFB
706,93280,DFB
707,93283,DFB
708,93285,DFB
709,93287,DFB
710,93301,DFB
711,93304,DFB
712,93305,DFB
713,93306,DFB
714,93307,DFB
715,93308,DFB
716,93309,DFB
717,93311,DFB
718,93312,DFB
719,93313,DFB
720,93314,DFB
721,93453,DFB
722,93461,DFB
723,93501,DFB
724,93505,DFB
725,93512,DFB
726,93513,DFB
727,93514,DFB
728,93516,DFB
729,93518,DFB
730,93519,DFB
731,93523,DFB
732,93524,DFB
733,93526,DFB
734,93527,DFB
735,93528,DFB
736,93531,DFB
737,93545,DFB
738,93546,DFB
739,93549,DFB
740,93554,DFB
741,93555,DFB
742,93558,DFB
743,93560,DFB
744,93561,DFB
745,93562,DFB
746,90680,EA
747,90742,EA
748,90743,EA
749,92602,EA
750,92603,EA
751,92604,EA
752,92606,EA
753,92610,EA
754,92612,EA
755,92614,EA
756,92617,EA
757,92618,EA
758,92620,EA
759,92624,EA
760,92625,EA
761,92626,EA
762,92627,EA
763,92629,EA
764,92630,EA
765,92637,EA
766,92646,EA
767,92647,EA
768,92648,EA
769,92649,EA
770,92651,EA
771,92653,EA
772,92655,EA
773,92656,EA
774,92657,EA
775,92660,EA
776,92661,EA
777,92662,EA
778,92663,EA
779,92672,EA
780,92673,EA
781,92675,EA
782,92676,EA
783,92677,EA
784,92679,EA
785,92683,EA
786,92688,EA
787,92691,EA
788,92692,EA
789,92694,EA
790,92697,EA
791,92701,EA
792,92703,EA
793,92704,EA
794,92705,EA
795,92706,EA
796,92707,EA
797,92708,EA
798,92780,EA
799,92782,EA
800,92801,EA
801,92802,EA
802,92804,EA
803,92805,EA
804,92806,EA
805,92807,EA
806,92808,EA
807,92840,EA
808,92841,EA
809,92843,EA
810,92844,EA
811,92845,EA
812,92861,EA
813,92865,EA
814,92866,EA
815,92867,EA
816,92868,EA
817,92869,EA
818,92870,EA
819,92886,EA
820,92887,EA
821,91739,EH
822,91752,EH
823,91752,EH
824,91759,EH
825,92220,EH
826,92223,EH
827,92301,EH
828,92305,EH
829,92307,EH
830,92308,EH
831,92309,EH
832,92310,EH
833,92311,EH
834,92313,EH
835,92314,EH
836,92315,EH
837,92316,EH
838,92317,EH
839,92318,EH
840,92320,EH
841,92321,EH
842,92322,EH
843,92324,EH
844,92325,EH
845,92327,EH
846,92333,EH
847,92335,EH
848,92336,EH
849,92337,EH
850,92338,EH
851,92339,EH
852,92341,EH
853,92342,EH
854,92344,EH
855,92345,EH
856,92346,EH
857,92350,EH
858,92352,EH
859,92354,EH
860,92356,EH
861,92358,EH
862,92359,EH
863,92364,EH
864,92365,EH
865,92368,EH
866,92371,EH
867,92372,EH
868,92373,EH
869,92374,EH
870,92376,EH
871,92377,EH
872,92378,EH
873,92382,EH
874,92385,EH
875,92386,EH
876,92391,EH
877,92392,EH
878,92394,EH
879,92395,EH
880,92397,EH
881,92398,EH
882,92399,EH
883,92401,EH
884,92404,EH
885,92405,EH
886,92407,EH
887,92408,EH
888,92410,EH
889,92411,EH
890,92415,EH
891,92501,EH
892,92503,EH
893,92504,EH
894,92505,EH
895,92506,EH
896,92507,EH
897,92508,EH
898,92509,EH
899,92518,EH
900,92521,EH
901,92530,EH
902,92532,EH
903,92543,EH
904,92544,EH
905,92545,EH
906,92548,EH
907,92551,EH
908,92553,EH
909,92555,EH
910,92557,EH
911,92562,EH
912,92563,EH
913,92567,EH
914,92570,EH
915,92571,EH
916,92582,EH
917,92583,EH
918,92584,EH
919,92585,EH
920,92586,EH
921,92587,EH
922,92590,EH
923,92591,EH
924,92592,EH
925,92595,EH
926,92596,EH
927,92860,EH
928,92878,EH
929,92879,EH
930,92880,EH
931,92881,EH
932,92882,EH
933,92883,EH
934,92201,EHC
935,92203,EHC
936,92210,EHC
937,92211,EHC
938,92225,EHC
939,92230,EHC
940,92234,EHC
941,92236,EHC
942,92239,EHC
943,92240,EHC
944,92241,EHC
945,92242,EHC
946,92252,EHC
947,92253,EHC
948,92254,EHC
949,92256,EHC
950,92258,EHC
951,92260,EHC
952,92262,EHC
953,92264,EHC
954,92267,EHC
955,92268,EHC
956,92270,EHC
957,92276,EHC
958,92277,EHC
959,92278,EHC
960,92280,EHC
961,92282,EHC
962,92284,EHC
963,92285,EHC
964,92304,EHC
965,92332,EHC
966,92363,EHC
967,92536,EHC
968,92539,EHC
969,92549,EHC
970,92561,EHC
971,91901,FH
972,91902,FH
973,91905,FH
974,91906,FH
975,91910,FH
976,91911,FH
977,91913,FH
978,91914,FH
979,91915,FH
980,91916,FH
981,91917,FH
982,91931,FH
983,91932,FH
984,91934,FH
985,91935,FH
986,91941,FH
987,91942,FH
988,91945,FH
989,91950,FH
990,91962,FH
991,91963,FH
992,91977,FH
993,91978,FH
994,91980,FH
995,92003,FH
996,92004,FH
997,92007,FH
998,92008,FH
999,92009,FH
1000,92010,FH
1001,92011,FH
1002,92014,FH
1003,92019,FH
1004,92020,FH
1005,92021,FH
1006,92024,FH
1007,92025,FH
1008,92026,FH
1009,92027,FH
1010,92028,FH
1011,92029,FH
1012,92036,FH
1013,92037,FH
1014,92040,FH
1015,92054,FH
1016,92055,FH
1017,92056,FH
1018,92057,FH
1019,92058,FH
1020,92059,FH
1021,92060,FH
1022,92061,FH
1023,92064,FH
1024,92065,FH
1025,92066,FH
1026,92067,FH
1027,92069,FH
1028,92070,FH
1029,92071,FH
1030,92075,FH
1031,92078,FH
1032,92081,FH
1033,92082,FH
1034,92083,FH
1035,92084,FH
1036,92086,FH
1037,92091,FH
1038,92093,FH
1039,92096,FH
1040,92101,FH
1041,92102,FH
1042,92103,FH
1043,92104,FH
1044,92105,FH
1045,92106,FH
1046,92107,FH
1047,92108,FH
1048,92109,FH
1049,92110,FH
1050,92111,FH
1051,92113,FH
1052,92114,FH
1053,92115,FH
1054,92116,FH
1055,92117,FH
1056,92118,FH
1057,92119,FH
1058,92120,FH
1059,92121,FH
1060,92122,FH
1061,92123,FH
1062,92124,FH
1063,92126,FH
1064,92127,FH
1065,92128,FH
1066,92129,FH
1067,92130,FH
1068,92131,FH
1069,92134,FH
1070,92135,FH
1071,92136,FH
1072,92139,FH
1073,92140,FH
1074,92145,FH
1075,92147,FH
1076,92152,FH
1077,92154,FH
1078,92155,FH
1079,92173,FH
1080,92182,FH
1081,92227,FHA
1082,92231,FHA
1083,92233,FHA
1084,92243,FHA
1085,92249,FHA
1086,92250,FHA
1087,92251,FHA
1088,92257,FHA
1089,92259,FHA
1090,92266,FHA
1091,92273,FHA
1092,92274,FHA
1093,92275,FHA
1094,92281,FHA
1095,92283,FHA
1096,00061,GH
1097,94022,GH
1098,94024,GH
1099,94025,GH
1100,94027,GH
1101,94028,GH
1102,94035,GH
1103,94040,GH
1104,94041,GH
1105,94043,GH
1106,94085,GH
1107,94086,GH
1108,94087,GH
1109,94089,GH
1110,94301,GH
1111,94303,GH
1112,94304,GH
1113,94305,GH
1114,94306,GH
1115,95002,GH
1116,95005,GH
1117,95006,GH
1118,95007,GH
1119,95008,GH
1120,95010,GH
1121,95013,GH
1122,95014,GH
1123,95017,GH
1124,95018,GH
1125,95020,GH
1126,95023,GH
1127,95030,GH
1128,95032,GH
1129,95033,GH
1130,95035,GH
1131,95037,GH
1132,95041,GH
1133,95046,GH
1134,95050,GH
1135,95051,GH
1136,95053,GH
1137,95054,GH
1138,95060,GH
1139,95062,GH
1140,95064,GH
1141,95065,GH
1142,95066,GH
1143,95070,GH
1144,95073,GH
1145,95075,GH
1146,95110,GH
1147,95111,GH
1148,95112,GH
1149,95113,GH
1150,95116,GH
1151,95117,GH
1152,95118,GH
1153,95119,GH
1154,95120,GH
1155,95121,GH
1156,95122,GH
1157,95123,GH
1158,95124,GH
1159,95125,GH
1160,95126,GH
1161,95127,GH
1162,95128,GH
1163,95129,GH
1164,95130,GH
1165,95131,GH
1166,95132,GH
1167,95133,GH
1168,95134,GH
1169,95135,GH
1170,95136,GH
1171,95138,GH
1172,95139,GH
1173,95140,GH
1174,95141,GH
1175,95148,GH
1176,95192,GH
1177,93422,GHC
1178,93426,GHC
1179,93428,GHC
1180,93430,GHC
1181,93432,GHC
1182,93435,GHC
1183,93442,GHC
1184,93446,GHC
1185,93450,GHC
1186,93451,GHC
1187,93452,GHC
1188,93465,GHC
1189,93901,GHC
1190,93905,GHC
1191,93906,GHC
1192,93907,GHC
1193,93908,GHC
1194,93920,GHC
1195,93923,GHC
1196,93924,GHC
1197,93925,GHC
1198,93926,GHC
1199,93927,GHC
1200,93930,GHC
1201,93932,GHC
1202,93933,GHC
1203,93940,GHC
1204,93943,GHC
1205,93944,GHC
1206,93950,GHC
1207,93953,GHC
1208,93954,GHC
1209,93955,GHC
1210,93960,GHC
1211,93962,GHC
1212,95003,GHC
1213,95004,GHC
1214,95012,GHC
1215,95019,GHC
1216,95039,GHC
1217,95043,GHC
1218,95045,GHC
1219,95076,GHC
1220,00022,JH
1221,00034,JH
1222,00039,JH
1223,00048,JH
1224,00049,JH
1225,00050,JH
1226,00054,JH
1227,00055,JH
1228,94901,JH
1229,94903,JH
1230,94904,JH
1231,94922,JH
1232,94923,JH
1233,94924,JH
1234,94928,JH
1235,94929,JH
1236,94930,JH
1237,94931,JH
1238,94933,JH
1239,94937,JH
1240,94938,JH
1241,94940,JH
1242,94945,JH
1243,94946,JH
1244,94947,JH
1245,94949,JH
1246,94951,JH
1247,94952,JH
1248,94954,JH
1249,94956,JH
1250,94957,JH
1251,94960,JH
1252,94963,JH
1253,94970,JH
1254,94971,JH
1255,94972,JH
1256,94973,JH
1257,95401,JH
1258,95403,JH
1259,95404,JH
1260,95405,JH
1261,95407,JH
1262,95409,JH
1263,95410,JH
1264,95412,JH
1265,95415,JH
1266,95417,JH
1267,95419,JH
1268,95420,JH
1269,95421,JH
1270,95422,JH
1271,95423,JH
1272,95425,JH
1273,95426,JH
1274,95427,JH
1275,95428,JH
1276,95429,JH
1277,95432,JH
1278,95436,JH
1279,95437,JH
1280,95439,JH
1281,95441,JH
1282,95442,JH
1283,95443,JH
1284,95444,JH
1285,95445,JH
1286,95446,JH
1287,95448,JH
1288,95449,JH
1289,95450,JH
1290,95451,JH
1291,95452,JH
1292,95453,JH
1293,95454,JH
1294,95456,JH
1295,95457,JH
1296,95458,JH
1297,95459,JH
1298,95460,JH
1299,95461,JH
1300,95462,JH
1301,95463,JH
1302,95464,JH
1303,95465,JH
1304,95466,JH
1305,95467,JH
1306,95468,JH
1307,95469,JH
1308,95470,JH
1309,95471,JH
1310,95472,JH
1311,95476,JH
1312,95482,JH
1313,95485,JH
1314,95488,JH
1315,95490,JH
1316,95492,JH
1317,95493,JH
1318,95494,JH
1319,95497,JH
1320,95501,JH
1321,95503,JH
1322,95511,JH
1323,95514,JH
1324,95519,JH
1325,95521,JH
1326,95524,JH
1327,95525,JH
1328,95526,JH
1329,95527,JH
1330,95528,JH
1331,95531,JH
1332,95536,JH
1333,95540,JH
1334,95542,JH
1335,95543,JH
1336,95546,JH
1337,95547,JH
1338,95548,JH
1339,95549,JH
1340,95550,JH
1341,95551,JH
1342,95552,JH
1343,95553,JH
1344,95554,JH
1345,95555,JH
1346,95556,JH
1347,95558,JH
1348,95560,JH
1349,95562,JH
1350,95563,JH
1351,95564,JH
1352,95565,JH
1353,95567,JH
1354,95568,JH
1355,95569,JH
1356,95570,JH
1357,95571,JH
1358,95573,JH
1359,95585,JH
1360,95587,JH
1361,95589,JH
1362,95595,JH
1363,96010,JH
1364,96027,JH
1365,96031,JH
1366,96032,JH
1367,96039,JH
1368,96041,JH
1369,96046,JH
1370,96048,JH
1371,96050,JH
1372,96085,JH
1373,96086,JH
1374,94503,JHF
1375,94508,JHF
1376,94510,JHF
1377,94512,JHF
1378,94515,JHF
1379,94533,JHF
1380,94534,JHF
1381,94535,JHF
1382,94558,JHF
1383,94559,JHF
1384,94567,JHF
1385,94571,JHF
1386,94574,JHF
1387,94576,JHF
1388,94585,JHF
1389,94589,JHF
1390,94590,JHF
1391,94591,JHF
1392,94592,JHF
1393,94599,JHF
1394,95606,JHF
1395,95607,JHF
1396,95616,JHF
1397,95620,JHF
1398,95627,JHF
1399,95637,JHF
1400,95653,JHF
1401,95679,JHF
1402,95687,JHF
1403,95688,JHF
1404,95694,JHF
1405,95695,JHF
1406,95697,JHF
1407,95698,JHF
1408,95912,JHF
1409,95932,JHF
1410,95937,JHF
1411,95955,JHF
1412,95979,JHF
1413,95987,JHF
1414,00029,KH
1415,00033,KH
1416,00044,KH
1417,00051,KH
1418,00052,KH
1419,93517,KH
1420,93529,KH
1421,93541,KH
1422,95202,KH
1423,95203,KH
1424,95204,KH
1425,95205,KH
1426,95206,KH
1427,95207,KH
1428,95209,KH
1429,95210,KH
1430,95211,KH
1431,95212,KH
1432,95215,KH
1433,95219,KH
1434,95220,KH
1435,95222,KH
1436,95223,KH
1437,95224,KH
1438,95225,KH
1439,95226,KH
1440,95227,KH
1441,95228,KH
1442,95230,KH
1443,95231,KH
1444,95232,KH
1445,95236,KH
1446,95237,KH
1447,95240,KH
1448,95242,KH
1449,95245,KH
1450,95246,KH
1451,95247,KH
1452,95248,KH
1453,95249,KH
1454,95251,KH
1455,95252,KH
1456,95253,KH
1457,95254,KH
1458,95255,KH
1459,95257,KH
1460,95258,KH
1461,95304,KH
1462,95307,KH
1463,95313,KH
1464,95316,KH
1465,95319,KH
1466,95320,KH
1467,95323,KH
1468,95326,KH
1469,95328,KH
1470,95330,KH
1471,95336,KH
1472,95337,KH
1473,95350,KH
1474,95351,KH
1475,95354,KH
1476,95355,KH
1477,95356,KH
1478,95357,KH
1479,95358,KH
1480,95360,KH
1481,95361,KH
1482,95363,KH
1483,95364,KH
1484,95366,KH
1485,95367,KH
1486,95368,KH
1487,95376,KH
1488,95377,KH
1489,95380,KH
1490,95382,KH
1491,95385,KH
1492,95386,KH
1493,95387,KH
1494,95391,KH
1495,95601,KH
1496,95602,KH
1497,95603,KH
1498,95605,KH
1499,95608,KH
1500,95610,KH
1501,95612,KH
1502,95614,KH
1503,95615,KH
1504,95618,KH
1505,95619,KH
1506,95621,KH
1507,95623,KH
1508,95624,KH
1509,95626,KH
1510,95628,KH
1511,95629,KH
1512,95630,KH
1513,95631,KH
1514,95632,KH
1515,95633,KH
1516,95634,KH
1517,95635,KH
1518,95636,KH
1519,95638,KH
1520,95640,KH
1521,95641,KH
1522,95642,KH
1523,95645,KH
1524,95648,KH
1525,95650,KH
1526,95651,KH
1527,95652,KH
1528,95655,KH
1529,95658,KH
1530,95659,KH
1531,95660,KH
1532,95661,KH
1533,95662,KH
1534,95663,KH
1535,95664,KH
1536,95665,KH
1537,95666,KH
1538,95667,KH
1539,95668,KH
1540,95669,KH
1541,95670,KH
1542,95672,KH
1543,95673,KH
1544,95674,KH
1545,95676,KH
1546,95677,KH
1547,95678,KH
1548,95681,KH
1549,95682,KH
1550,95683,KH
1551,95684,KH
1552,95685,KH
1553,95686,KH
1554,95689,KH
1555,95690,KH
1556,95691,KH
1557,95692,KH
1558,95693,KH
1559,95699,KH
1560,95701,KH
1561,95703,KH
1562,95709,KH
1563,95713,KH
1564,95714,KH
1565,95715,KH
1566,95717,KH
1567,95720,KH
1568,95721,KH
1569,95722,KH
1570,95724,KH
1571,95726,KH
1572,95728,KH
1573,95735,KH
1574,95736,KH
1575,95742,KH
1576,95746,KH
1577,95747,KH
1578,95757,KH
1579,95758,KH
1580,95762,KH
1581,95765,KH
1582,95776,KH
1583,95811,KH
1584,95814,KH
1585,95815,KH
1586,95816,KH
1587,95817,KH
1588,95818,KH
1589,95819,KH
1590,95820,KH
1591,95821,KH
1592,95822,KH
1593,95823,KH
1594,95824,KH
1595,95825,KH
1596,95826,KH
1597,95827,KH
1598,95828,KH
1599,95829,KH
1600,95830,KH
1601,95831,KH
1602,95832,KH
1603,95833,KH
1604,95834,KH
1605,95835,KH
1606,95836,KH
1607,95837,KH
1608,95838,KH
1609,95841,KH
1610,95842,KH
1611,95843,KH
1612,95864,KH
1613,95901,KH
1614,95903,KH
1615,95910,KH
1616,95914,KH
1617,95918,KH
1618,95919,KH
1619,95922,KH
1620,95925,KH
1621,95935,KH
1622,95936,KH
1623,95944,KH
1624,95945,KH
1625,95946,KH
1626,95948,KH
1627,95949,KH
1628,95953,KH
1629,95957,KH
1630,95959,KH
1631,95960,KH
1632,95961,KH
1633,95962,KH
1634,95972,KH
1635,95975,KH
1636,95977,KH
1637,95982,KH
1638,95991,KH
1639,95993,KH
1640,96107,KH
1641,96111,KH
1642,96118,KH
1643,96120,KH
1644,96124,KH
1645,96125,KH
1646,96126,KH
1647,96133,KH
1648,96140,KH
1649,96141,KH
1650,96142,KH
1651,96143,KH
1652,96145,KH
1653,96146,KH
1654,96148,KH
1655,96150,KH
1656,96161,KH
1657,96162,KH
1658,00012,KHM
1659,00019,KHM
1660,00028,KHM
1661,00031,KHM
1662,00035,KHM
1663,00037,KHM
1664,00038,KHM
1665,00047,KHM
1666,00065,KHM
1667,95913,KHM
1668,95915,KHM
1669,95916,KHM
1670,95917,KHM
1671,95920,KHM
1672,95923,KHM
1673,95926,KHM
1674,95928,KHM
1675,95930,KHM
1676,95934,KHM
1677,95938,KHM
1678,95939,KHM
1679,95941,KHM
1680,95942,KHM
1681,95943,KHM
1682,95947,KHM
1683,95951,KHM
1684,95954,KHM
1685,95956,KHM
1686,95963,KHM
1687,95965,KHM
1688,95966,KHM
1689,95968,KHM
1690,95969,KHM
1691,95970,KHM
1692,95971,KHM
1693,95973,KHM
1694,95974,KHM
1695,95978,KHM
1696,95981,KHM
1697,95983,KHM
1698,95984,KHM
1699,95988,KHM
1700,96001,KHM
1701,96002,KHM
1702,96003,KHM
1703,96006,KHM
1704,96007,KHM
1705,96008,KHM
1706,96009,KHM
1707,96013,KHM
1708,96014,KHM
1709,96015,KHM
1710,96016,KHM
1711,96017,KHM
1712,96019,KHM
1713,96020,KHM
1714,96021,KHM
1715,96022,KHM
1716,96023,KHM
1717,96024,KHM
1718,96025,KHM
1719,96028,KHM
1720,96033,KHM
1721,96034,KHM
1722,96035,KHM
1723,96038,KHM
1724,96040,KHM
1725,96044,KHM
1726,96047,KHM
1727,96051,KHM
1728,96052,KHM
1729,96054,KHM
1730,96055,KHM
1731,96056,KHM
1732,96057,KHM
1733,96058,KHM
1734,96059,KHM
1735,96061,KHM
1736,96062,KHM
1737,96063,KHM
1738,96064,KHM
1739,96065,KHM
1740,96067,KHM
1741,96069,KHM
1742,96071,KHM
1743,96073,KHM
1744,96075,KHM
1745,96076,KHM
1746,96080,KHM
1747,96087,KHM
1748,96088,KHM
1749,96089,KHM
1750,96091,KHM
1751,96093,KHM
1752,96094,KHM
1753,96096,KHM
1754,96097,KHM
1755,96101,KHM
1756,96103,KHM
1757,96104,KHM
1758,96105,KHM
1759,96106,KHM
1760,96108,KHM
1761,96109,KHM
1762,96110,KHM
1763,96112,KHM
1764,96113,KHM
1765,96114,KHM
1766,96115,KHM
1767,96116,KHM
1768,96117,KHM
1769,96119,KHM
1770,96121,KHM
1771,96122,KHM
1772,96123,KHM
1773,96128,KHM
1774,96129,KHM
1775,96130,KHM
1776,96132,KHM
1777,96134,KHM
1778,96136,KHM
1779,96137,KHM
